<?xml version="1.0" encoding="UTF-8"?>
<project-private xmlns="http://www.netbeans.org/ns/project-private/1">
    <editor-bookmarks xmlns="http://www.netbeans.org/ns/editor-bookmarks/2" lastBookmarkId="0"/>
    <open-files xmlns="http://www.netbeans.org/ns/projectui-open-files/2">
        <group>
            <file>file:/Users/macair/NetBeansProjects/InmetricsOk/src/java/br/marcoantonio/inmetrics/conexao/ConnectionFactory.java</file>
            <file>file:/Users/macair/NetBeansProjects/InmetricsOk/src/java/br/marcoantonio/inmetrics/dao/ViagemDataDao.java</file>
            <file>file:/Users/macair/NetBeansProjects/InmetricsOk/src/java/br/marcoantonio/inmetrics/bean/UserBean.java</file>
            <file>file:/Users/macair/NetBeansProjects/InmetricsOk/web/index.xhtml</file>
            <file>file:/Users/macair/NetBeansProjects/InmetricsOk/src/java/br/marcoantonio/inmetrics/entidade/ViagemData.java</file>
        </group>
    </open-files>
</project-private>
